descricao,classe
Administração comercial para terceiros,35
Administração comercial de shopping center,35
Administração de arquivo,35
Administração de biblioteca,35
Administração de cartão de benefícios comerciais [promoção de negócios],35
Administração de cartão de desconto,35
Administração de empresa para terceiros,35
Administração de holding,35
Administração de programa de incentivo,35
Agenciamento de mão-de-obra,35
Agenciamento de mercadoria [intermediação],35
Agenciamento de modelo para publicidade [administração de carreira],35
Agenciamento de profissional para atendimento domiciliar,35
"Agenciamento, gestão e intermediação de obra artística",35
Análise de conteúdo de jornais e revistas e preparo de relatório comparando o conteúdo dos diversos veículos de comunicação Apoio administrativo e secretariado,35
Arquivista,35
"Assessoria e consultoria em distribuição comercial para terceiros [planejamento de marketing] Assessoria e consultoria em gestão organizacional para terceiros para fins de ""compliance""",35
Assessoria e consultoria em governança corporativa para terceiros [gestão organizacional],35
"Assessoria e consultoria em marketing relativas a desenvolvimento de produto ou serviço de terceiros Assessoria e consultoria em marketing relativas a logística de distribuição comercial de terceiros Assessoria e consultoria em marketing relativas a precificação de produto ou serviço de terceiros Assessoria e consultoria em marketing relativas a promoção de produto ou serviço de terceiros Assessoria promocional, consultoria e informação sobre propaganda",35
"Assessoria, consultoria e informação demográfica [serviços de marketing]",35
"Assessoria, consultoria e informação econômica, para os setores industrial e comercial das empresas, visando o planejamento, organização, monitoramento e desenvolvimento de",35
"projetos [também provido on-line] [assessoria em gestão comercial] Assessoria, consultoria e informação em agências de modelos para publicidade ou promoção de vendas Assessoria, consultoria e informação em auditoria [gestão organizacional]",35
"Assessoria, consultoria e informação em compilação de informações em bancos de dados de computador Assessoria, consultoria e informação em contabilidade",35
"Assessoria, consultoria e informação em franquia, exceto licenciamento da propriedade intelectual [gestão comercial] Assessoria, consultoria e informação em gestão de negócios e comercialização de produtos sob contrato de franquia Assessoria, consultoria e informação em gestão de negócios para companhias industriais ou comerciais Assessoria, consultoria e informação em investigações, avaliações e pesquisas em negócios",35
"Assessoria, consultoria e informação em marketing",35
"Assessoria, consultoria e informação em negócios relacionados à estratégia, marketing, produção, pessoal e assuntos relativos ao comércio varejista Assessoria, consultoria e informação em negócios relativos à relocalização para empresas",35
"Assessoria, consultoria e informação em promoção de vendas",35
"Assessoria, consultoria e informação em publicidade e propaganda através de qualquer meio Assessoria, consultoria e informação em serviços de recursos humanos para empresas",35
"Assessoria, consultoria e informação empresarial",35
"Assessoria, consultoria e informação na implantação e viabilização de sistema de franquia",35
"Assessoria, consultoria e informação relacionadas ao planejamento, análise, gestão e organização de negócios para empresas Assessoria, consultoria e informação sobre busca de dados em arquivos de computador para terceiros Assessoria, consultoria e informação sobre eleições políticas",35
"Assessoria, consultoria e informação sobre gestão de negócios no campo da propriedade intelectual Assessoria, consultoria e informação sobre gestão governamental",35
"Assessoria, consultoria e informação sobre imposto de renda",35
"Assessoria, consultoria e informação sobre leilões",35
"Assessoria, consultoria e informação sobre oportunidades de negócio",35
"Assessoria, consultoria e informação sobre organização de feiras para fins comerciais ou publicitários Assessoria, consultoria e informação sobre pesquisas de opinião",35
"Assessoria, consultoria e informação sobre publicidade através de mala direta",35
"Assessoria, consultoria e informação sobre reprodução de documentos",35
"Assessoria, consultoria e informação sobre testes psicológicos para seleção de pessoal",35
"Assessoria, consultoria e informação sobre tributos, impostos e taxas",35
"Assessoria, consultoria e informações estatísticas [marketing]",35
"Assessoria, consultoria e informações sobre administração de pessoal",35
"Assessoria, consultoria e informações sobre franchising [gestão comercial]",35
"Assessoria, consultoria e informações sobre marketing",35
Atendimento ao cliente [s.a.c.; serviço de orientação ao consumidor],35
Comércio (através de qualquer meio) de objetos de arte Kusiwa Wajãpi,35
Comércio [através de qualquer meio] de adesivos para papelaria ou para uso doméstico,35
Comércio [através de qualquer meio] de água mineral engarrafada,35
Comércio [através de qualquer meio] de alfinetes e agulhas [artigos de armarinho],35
Comércio [através de qualquer meio] de alimentos para animais,35
Comércio [através de qualquer meio] de alimentos para bebês,35
Comércio [através de qualquer meio] de animais vivos,35
Comércio [através de qualquer meio] de aparelhos [lâminas] de barbear,35
Comércio [através de qualquer meio] de aparelhos de aquecimento,35
Comércio [através de qualquer meio] de aparelhos de cozimento,35
Comércio [através de qualquer meio] de aparelhos de distribuição de água,35
Comércio [através de qualquer meio] de aparelhos de iluminação,35
Comércio [através de qualquer meio] de aparelhos de instalações sanitárias,35
"Comércio [através de qualquer meio] de aparelhos de locomoção por terra, por ar ou por água Comércio [através de qualquer meio] de aparelhos de produção de vapor",35
Comércio [através de qualquer meio] de aparelhos de refrigeração,35
Comércio [através de qualquer meio] de aparelhos de secagem,35
Comércio [através de qualquer meio] de aparelhos de ventilação,35
Comércio [através de qualquer meio] de aparelhos e instrumentos científicos,35
Comércio [através de qualquer meio] de aparelhos e instrumentos cinematográficos,35
Comércio [através de qualquer meio] de aparelhos e instrumentos cirúrgicos,35
Comércio [através de qualquer meio] de aparelhos e instrumentos cronométricos,35
Comércio [através de qualquer meio] de aparelhos e instrumentos de controle [inspeção],35
Comércio [através de qualquer meio] de aparelhos e instrumentos de ensino,35
Comércio [através de qualquer meio] de aparelhos e instrumentos de medição,35
Comércio [através de qualquer meio] de aparelhos e instrumentos de pesagem,35
Comércio [através de qualquer meio] de aparelhos e instrumentos de salvamento,35
Comércio [através de qualquer meio] de aparelhos e instrumentos de sinalização,35
Comércio [através de qualquer meio] de aparelhos e instrumentos dentários,35
Comércio [através de qualquer meio] de aparelhos e instrumentos fotográficos,35
Comércio [através de qualquer meio] de aparelhos e instrumentos geodésicos,35
Comércio [através de qualquer meio] de aparelhos e instrumentos médicos,35
Comércio [através de qualquer meio] de aparelhos e instrumentos náuticos,35
Comércio [através de qualquer meio] de aparelhos e instrumentos ópticos,35
"Comércio [através de qualquer meio] de aparelhos e instrumentos para conduzir, interromper, transformar, acumular, regular ou controlar eletricidade Comércio [através de qualquer meio] de aparelhos e instrumentos veterinários",35
Comércio [através de qualquer meio] de aparelhos extintores de incêndio,35
"Comércio [através de qualquer meio] de aparelhos para o registro, a transmissão e a reprodução de som ou imagens Comércio [através de qualquer meio] de aparelhos para suporte de registro magnético",35
Comércio [através de qualquer meio] de armas brancas,35
Comércio [através de qualquer meio] de armas de fogo,35
"Comércio [através de qualquer meio] de artigos de cama, mesa e banho",35
Comércio [através de qualquer meio] de artigos de chapelaria,35
Comércio [através de qualquer meio] de artigos de cutelaria,35
Comércio [através de qualquer meio] de artigos de ferragem,35
Comércio [através de qualquer meio] de artigos de iluminação,35
Comércio [através de qualquer meio] de artigos de joalheria,35
Comércio [através de qualquer meio] de artigos de louça de faiança,35
Comércio [através de qualquer meio] de artigos de óptica/ótica para correção ou proteção da visão Comércio [através de qualquer meio] de artigos de papelaria,35
Comércio [através de qualquer meio] de artigos de relojoaria,35
Comércio [através de qualquer meio] de artigos de vidro,35
Comércio [através de qualquer meio] de artigos do vestuário,35
Comércio [através de qualquer meio] de artigos ortopédicos,35
Comércio [através de qualquer meio] de artigos para animais,35
Comércio [através de qualquer meio] de artigos para encadernação,35
Comércio [através de qualquer meio] de artigos para fumantes,35
Comércio [através de qualquer meio] de artigos para ginástica,35
Comércio [através de qualquer meio] de artigos para prática de esportes,35
"Comércio [através de qualquer meio] de asfalto, piche e betume",35
Comércio [através de qualquer meio] de baixelas em metal,35
Comércio [através de qualquer meio] de baixelas em porcelana,35
Comércio [através de qualquer meio] de bebidas alcoólicas,35
Comércio [através de qualquer meio] de bebidas não alcoólicas,35
Comércio [através de qualquer meio] de bengalas,35
Comércio [através de qualquer meio] de bicicletas e de artigos para bicicletas,35
Comércio [através de qualquer meio] de bijuteria,35
Comércio [através de qualquer meio] de bobinas de papel,35
Comércio [através de qualquer meio] de bolsas femininas,35
Comércio [através de qualquer meio] de borracha em bruto,35
Comércio [através de qualquer meio] de borracha semiprocessada,35
Comércio [através de qualquer meio] de botões [artigos de armarinho],35
Comércio [através de qualquer meio] de cabos e fios de metal comuns não elétricos,35
Comércio [através de qualquer meio] de caixas registradoras,35
Comércio [através de qualquer meio] de calçados,35
Comércio [através de qualquer meio] de capachos e esteiras,35
Comércio [através de qualquer meio] de caracteres de imprensa,35
Comércio [através de qualquer meio] de carpetes e tapetes,35
Comércio [através de qualquer meio] de cartas de baralho,35
Comércio [através de qualquer meio] de cera dentária,35
"Comércio [através de qualquer meio] de chicotes, arreios e artigos de selaria",35
Comércio [através de qualquer meio] de chocadeiras,35
Comércio [através de qualquer meio] de clichês [imprensa],35
Comércio [através de qualquer meio] de cofres,35
Comércio [através de qualquer meio] de colchetes e ilhoses [artigos de armarinho],35
Comércio [através de qualquer meio] de combustíveis [incluindo a gasolina para motores],35
Comércio [através de qualquer meio] de composições extintoras de fogo,35
Comércio [através de qualquer meio] de construções metálicas transportáveis,35
Comércio [através de qualquer meio] de construções transportáveis não metálicas,35
Comércio [através de qualquer meio] de cordas e fios,35
Comércio [através de qualquer meio] de cortiça semiprocessada,35
Comércio [através de qualquer meio] de cosméticos,35
Comércio [através de qualquer meio] de couro em bruto ou semiprocessado,35
Comércio [através de qualquer meio] de decorações para árvores de natal,35
Comércio [através de qualquer meio] de dentifrícios,35
Comércio [através de qualquer meio] de desinfetantes,35
Comércio [através de qualquer meio] de discos acústicos,35
Comércio [através de qualquer meio] de emplastros,35
Comércio [através de qualquer meio] de engates de máquinas e componentes de transmissão [exceto para veículos terrestres] Comércio [através de qualquer meio] de equipamento de processamento de dados e computadores Comércio [através de qualquer meio] de escovas,35
Comércio [através de qualquer meio] de espelhos,35
Comércio [através de qualquer meio] de explosivos,35
Comércio [através de qualquer meio] de ferramentas manuais,35
Comércio [através de qualquer meio] de fios e fibras para uso têxtil,35
Comércio [através de qualquer meio] de fitas e laços,35
Comércio [através de qualquer meio] de flores artificiais,35
Comércio [através de qualquer meio] de fogos de artifício,35
Comércio [através de qualquer meio] de fósforos,35
Comércio [através de qualquer meio] de fotografias,35
Comércio [através de qualquer meio] de gelo,35
Comércio [através de qualquer meio] de goma,35
Comércio [através de qualquer meio] de graxas,35
Comércio [através de qualquer meio] de guarda-chuvas,35
Comércio [através de qualquer meio] de guarda-sóis,35
Comércio [através de qualquer meio] de guta-percha,35
Comércio [através de qualquer meio] de imitações de couro,35
Comércio [através de qualquer meio] de instrumentos agrícolas não manuais,35
Comércio [através de qualquer meio] de instrumentos manuais [propulsão muscular],35
Comércio [através de qualquer meio] de instrumentos musicais,35
Comércio [através de qualquer meio] de jogos e brinquedos,35
Comércio [através de qualquer meio] de junco semiprocessado,35
Comércio [através de qualquer meio] de linóleo [piso em manta],35
Comércio [através de qualquer meio] de livros,35
Comércio [através de qualquer meio] de loções para os cabelos,35
Comércio [através de qualquer meio] de lubrificantes,35
Comércio [através de qualquer meio] de madeira semiprocessada,35
Comércio [através de qualquer meio] de malas e bolsas de viagem,35
Comércio [através de qualquer meio] de máquinas de calcular,35
Comércio [através de qualquer meio] de máquinas de escrever,35
Comércio [através de qualquer meio] de máquinas distribuidoras automáticas,35
Comércio [através de qualquer meio] de máquinas-ferramentas,35
Comércio [através de qualquer meio] de materiais de construção metálicos,35
Comércio [através de qualquer meio] de materiais de construção não metálicos,35
Comércio [através de qualquer meio] de materiais impressos,35
Comércio [através de qualquer meio] de materiais metálicos para vias férreas,35
Comércio [através de qualquer meio] de materiais para artistas,35
Comércio [através de qualquer meio] de material de instrução e de ensino,35
Comércio [através de qualquer meio] de material de limpeza,35
Comércio [através de qualquer meio] de material de sutura,35
Comércio [através de qualquer meio] de material para a fabricação de escovas,35
Comércio [através de qualquer meio] de material para curativos,35
Comércio [através de qualquer meio] de material para obturações dentárias,35
Comércio [através de qualquer meio] de matérias de enchimento,35
"Comércio [através de qualquer meio] de matérias para calafetar, vedar e isolar",35
Comércio [através de qualquer meio] de matérias plásticas não processadas,35
Comércio [através de qualquer meio] de matérias plásticas para embalagem,35
Comércio [através de qualquer meio] de matérias têxteis fibrosas em bruto,35
Comércio [através de qualquer meio] de matérias tintoriais,35
Comércio [através de qualquer meio] de mecanismos para aparelhos operados com moedas,35
"Comércio [através de qualquer meio] de membros, olhos ou dentes artificiais",35
Comércio [através de qualquer meio] de metais comuns e suas ligas,35
"Comércio [através de qualquer meio] de metais em folhas e em pó para pintores, decoradores, impressores e artistas Comércio [através de qualquer meio] de metais preciosos e suas ligas",35
Comércio [através de qualquer meio] de mica,35
Comércio [através de qualquer meio] de minérios,35
Comércio [através de qualquer meio] de mochilas,35
Comércio [através de qualquer meio] de molduras,35
Comércio [através de qualquer meio] de monumentos não metálicos,35
Comércio [através de qualquer meio] de mordentes [fixador para tintas],35
Comércio [através de qualquer meio] de motores [exceto os motores para veículos terrestres] Comércio [através de qualquer meio] de móveis,35
Comércio [através de qualquer meio] de munições e projéteis,35
Comércio [através de qualquer meio] de óleos essenciais,35
Comércio [através de qualquer meio] de óleos industriais,35
Comércio [através de qualquer meio] de óleos vegetais alimentícios,35
Comércio [através de qualquer meio] de palha de aço,35
Comércio [através de qualquer meio] de panelas,35
Comércio [através de qualquer meio] de papel e papelão,35
"Comércio [através de qualquer meio] de partes e componentes de aparelhos de locomoção por terra, por ar ou por água Comércio [através de qualquer meio] de partes e componentes de veículos terrestres",35
Comércio [através de qualquer meio] de pedras preciosas,35
Comércio [através de qualquer meio] de peles de animais,35
Comércio [através de qualquer meio] de pentes e esponjas,35
Comércio [através de qualquer meio] de pincéis,35
Comércio [através de qualquer meio] de plantas e flores naturais,35
Comércio [através de qualquer meio] de preparações de higiene pessoal não medicamentosas Comércio [através de qualquer meio] de preparações farmacêuticas,35
Comércio [através de qualquer meio] de preparações higiênicas para uso medicinal,35
Comércio [através de qualquer meio] de preparações para branquear [lavanderia],35
"Comércio [através de qualquer meio] de preparações para limpar, polir, desengordurar e decapar Comércio [através de qualquer meio] de preparações para temperar e soldar metais",35
Comércio [através de qualquer meio] de preparações veterinárias,35
Comércio [através de qualquer meio] de preservativos contra oxidação e contra a deterioração da madeira Comércio [através de qualquer meio] de produtos abrasivos para limpeza,35
Comércio [através de qualquer meio] de produtos alimentícios [aves e ovos],35
Comércio [através de qualquer meio] de produtos alimentícios [biscoitos],35
Comércio [através de qualquer meio] de produtos alimentícios [bolos],35
Comércio [através de qualquer meio] de produtos alimentícios [carnes vermelhas],35
Comércio [através de qualquer meio] de produtos alimentícios [cereais],35
Comércio [através de qualquer meio] de produtos alimentícios [chocolates],35
Comércio [através de qualquer meio] de produtos alimentícios [doces],35
"Comércio [através de qualquer meio] de produtos alimentícios [frutas, verduras e legumes]",35
Comércio [através de qualquer meio] de produtos alimentícios [grãos],35
Comércio [através de qualquer meio] de produtos alimentícios [laticínios],35
Comércio [através de qualquer meio] de produtos alimentícios [massas],35
Comércio [através de qualquer meio] de produtos alimentícios [pães],35
Comércio [através de qualquer meio] de produtos alimentícios [peixes],35
Comércio [através de qualquer meio] de produtos alimentícios [refeições congeladas],35
Comércio [através de qualquer meio] de produtos alimentícios [salgadinhos],35
Comércio [através de qualquer meio] de produtos alimentícios [sanduíches],35
Comércio [através de qualquer meio] de produtos alimentícios [sorvetes],35
Comércio [através de qualquer meio] de produtos alimentícios [sucos],35
Comércio [através de qualquer meio] de produtos confeccionados de metais preciosos ou folheados Comércio [através de qualquer meio] de produtos de metal comum,35
Comércio [através de qualquer meio] de produtos de perfumaria,35
Comércio [através de qualquer meio] de produtos de serralharia,35
Comércio [através de qualquer meio] de produtos em matérias plásticas semiprocessados,35
"Comércio [através de qualquer meio] de produtos para a destruição dos animais nocivos, fungicidas e herbicidas Comércio [através de qualquer meio] de produtos para absorver, molhar e ligar a pó",35
Comércio [através de qualquer meio] de publicações periódicas impressas,35
Comércio [através de qualquer meio] de redes,35
Comércio [através de qualquer meio] de rendas e bordados,35
Comércio [através de qualquer meio] de resinas artificiais não processadas,35
Comércio [através de qualquer meio] de resinas naturais em estado bruto,35
Comércio [através de qualquer meio] de revestimentos de assoalhos,35
Comércio [através de qualquer meio] de roupas,35
Comércio [através de qualquer meio] de sabões,35
Comércio [através de qualquer meio] de sacos e sacolas,35
Comércio [através de qualquer meio] de sementes,35
Comércio [através de qualquer meio] de substâncias adesivas destinadas à indústria,35
Comércio [através de qualquer meio] de substâncias dietéticas para uso medicinal,35
Comércio [através de qualquer meio] de substâncias para uso em lavanderia,35
"Comércio [através de qualquer meio] de substâncias químicas destinadas à agricultura, à horticultura e à silvicultura Comércio [através de qualquer meio] de substâncias químicas destinadas a conservar alimentos Comércio [através de qualquer meio] de substâncias químicas destinadas à fotografia",35
Comércio [através de qualquer meio] de substâncias químicas destinadas à indústria,35
Comércio [através de qualquer meio] de substâncias químicas destinadas às ciências,35
Comércio [através de qualquer meio] de substâncias tanantes,35
Comércio [através de qualquer meio] de suplementos alimentares,35
Comércio [através de qualquer meio] de tabaco,35
Comércio [através de qualquer meio] de tapeçarias murais,35
Comércio [através de qualquer meio] de tecidos,35
Comércio [através de qualquer meio] de telas alcatroadas [lonas],35
Comércio [através de qualquer meio] de tendas,35
"Comércio [através de qualquer meio] de tintas, vernizes, lacas",35
Comércio [através de qualquer meio] de toldos,35
Comércio [através de qualquer meio] de tubos flexíveis não metálicos,35
Comércio [através de qualquer meio] de tubos metálicos,35
Comércio [através de qualquer meio] de tubos rígidos não metálicos para a construção,35
Comércio [através de qualquer meio] de utensílios e recipientes para a casa ou a cozinha,35
Comércio [através de qualquer meio] de veículos,35
Comércio [através de qualquer meio] de velas,35
Comércio [através de qualquer meio] de velas e pavios para iluminação,35
Comércio [através de qualquer meio] de vidro bruto ou semiacabado,35
Comércio [através de qualquer meio] de vime semiprocessado,35
Comércio [através de qualquer meio] de xaropes e preparações para bebidas,35
Comércio de comidas e bebidas materiais por meio de um ambiente virtual,35
"Comércio de softwares ou componentes de software, baixáveis, por meio de um ambiente virtual Concessionária de veículos [comércio de veículos]",35
Controle e registro de bovinos [gestão comercial],35
Corretagem de veículos,35
Datilografia,35
Desfile de moda com fim publicitário,35
Despachante aduaneiro [desembaraço e liberação de documento alfandegário],35
Despachante para agilizar documento,35
Distribuição de brindes [marketing],35
Distribuição de utensílio para diálise [comércio],35
Drogaria [comércio],35
Edição de texto publicitário,35
Elaboração de declaração de imposto de renda,35
Emissão de documentos e certidões oficiais,35
"Estudos e pareceres pertinentes à macro e microeconomia, serviços estes prestados com fins de assessoria na gestão de negócios e operação de uma empresa comercial Expedientes administrativos [auxílio administrativo]",35
Farmácia [comércio de produtos farmacêuticos],35
Fotocópia [reprodução de documentos],35
Gerenciamento de banco de dados,35
Gestão de franquia para terceiros,35
Gestão pública/privada,35
Habilitação de celular [serviço de cadastro],35
Implantação de programa de controle de qualidade [controle empresarial],35
Intermediação na compra e venda de energia e capacidade elétrica,35
Inventário e gerência de estoque,35
Levantamento mercadológico,35
"Licenciamento, compra e venda, leasing de marcas e patentes [intermediação de negócios comerciais] Marketing para terceiros",35
Organização de eventos para fins publicitários e/ou comerciais,35
Organização e administração de empresa para terceiros,35
Ouvidoria,35
Padaria [comércio de bebidas não alcoólicas; sem vistas ao consumo no local],35
Padaria [comércio de biscoitos; sem vistas ao consumo no local],35
Padaria [comércio de bolos; sem vistas ao consumo no local],35
Padaria [comércio de café moído; sem vistas ao consumo no local],35
"Padaria [comércio de carnes frias pré-cozidas, curadas ou defumadas; sem vistas ao consumo no local] Padaria [comércio de doces; sem vistas ao consumo no local]",35
Padaria [comércio de laticínios; sem vistas ao consumo no local],35
"Padaria [comércio de pães, sem vistas ao consumo no local]",35
Padaria [comércio de preparações para fazer bebidas à base de chás; sem vistas ao consumo no local] Padaria [comércio de salgados; sem vistas ao consumo no local],35
Padaria [comércio de tortas; sem vistas ao consumo no local],35
Perícia contábil,35
Perícia técnica na área contábil,35
Perícia técnica na área de administração,35
Pesquisa de mercado,35
Programa de qualidade total [gestão empresarial],35
Programas de cartão de pontuação [tipo programa de milhagem/fidelidade],35
Promoção de venda para terceiros [publicidade],35
Promotor de eventos [se comerciais],35
Publicidade e propaganda para terceiros,35
Representação comercial de produtos ou serviços de terceiros,35
"Representação comercial de aparelho elétrico, eletrônico e térmico",35
Serviço de corretor de publicidade,35
Serviço de marketing prestado a terceiros em um ambiente virtual,35
Serviço de publicidade e propaganda prestado a terceiros em um ambiente virtual,35
Serviços de cerimonial [planejamento de eventos] com fins comerciais ou publicitários,35
"Serviços de colocação e recolocação no mercado de trabalho, prestados a título de assistência social Serviços de compilação e disponibilização de listas de casamento",35
Serviços de fatura [emissão de notas fiscais],35
Serviços de programa de incentivo a funcionários,35
"Serviços de programas de fidelidade [clube, cartão, talão]",35
"Serviços de promoção de campanhas publicitárias com vistas à prevenção de doenças, a título de assistência social Administração de convênios de benefícios",35
Site para efetuar o licenciamento eletrônico de veículos,35
Supermercado [comércio de alimentos],35
"Supermercado [comércio de artigos de higiene pessoal, cosmética e perfumaria]",35
Supermercado [comércio de lâmpadas e pilhas],35
"Supermercado [comércio de óleos, graxas e preparações para polir]",35
"Supermercado [comércio de preparações para higiene doméstica, inclusive desinfetantes, desodorizantes de ambiente, preparações para perfumar ambiente e repelentes para",35
ambientes] Supermercado [comércio de preparações para lavanderia],35
Supermercado [comércio de rações para animais],35
Supermercado [comércio de recipientes para acondicionar alimentos],35
"Supermercado [comércio de talheres, pratos e recipientes, todos descartáveis]",35
"Supermercado [comércio de toalhas de papel, guardanapos de papel, papel laminado e filmes plásticos] Supermercado [comércio de utensílios de mesa]",35
"Supermercado [comércio de utensílios manuais de limpeza, não elétricos]",35
Supermercado [comércio de utensílios para toalete],35
Supermercado [comércio de velas e fósforos],35
Telemarketing,35
Telepesquisa [pesquisa de opinião],35
Terceirização [fornecimento de mão-de-obra],35
"Testes, exames e provas psicotécnicos para seleção de pessoal [recrutamento de pessoal]",35
Venda e licenciamento de franchising [tratando-se de administração de negócios em franchising] Acompanhamento de conta,36
Administração de cartão de afinidade [serviço de crédito],36
Administração de cartão de crédito,36
Administração de cartão de débito,36
Administração de carteira de valor mobiliário,36
Administração de carteira locatícia,36
Administração de cemitério,36
Administração de condomínio,36
Administração de consórcio,36
Administração de convênio médico-hospitalar,36
Administração de fundo de investimento,36
Administração de pecúlio,36
Administração de seguro-saúde,36
Administração de vale refeição,36
Administração de vale transporte,36
Agente autônomo de investimento,36
Aluguel de escritório virtual [aluguel de imóvel comercial],36
Aluguel de loja [imóvel],36
Análise e gestão de crédito,36
Assessoria técnica em linhas de crédito,36
"Assessoria técnica, consultoria e informação na avaliação de dano em veículo e outros bens móveis Assessoria, consultoria e administração de investimentos de terceiros",36
"Assessoria, consultoria e informação bancária",36
"Assessoria, consultoria e informação em administração de dívidas",36
"Assessoria, consultoria e informação em administração de patrimônio",36
"Assessoria, consultoria e informação em administração de riscos financeiros",36
"Assessoria, consultoria e informação em avaliação de antigüidades",36
"Assessoria, consultoria e informação em avaliação de jóias",36
"Assessoria, consultoria e informação em avaliação de obras de arte",36
"Assessoria, consultoria e informação em avaliação filatélica",36
"Assessoria, consultoria e informação em avaliação imobiliária",36
"Assessoria, consultoria e informação em avaliação numismática",36
"Assessoria, consultoria e informação em cobrança e cadastro",36
"Assessoria, consultoria e informação em crédito",36
"Assessoria, consultoria e informação em empréstimos",36
"Assessoria, consultoria e informação em fundo de investimentos",36
"Assessoria, consultoria e informação em investimentos",36
"Assessoria, consultoria e informação em mercado de ações",36
"Assessoria, consultoria e informação em planejamento financeiro",36
"Assessoria, consultoria e informação em seguros",36
"Assessoria, consultoria e informação especializada em matéria de previdência privada",36
"Assessoria, consultoria e informação na área econômico-financeira",36
"Assessoria, consultoria e informação sobre planos de saúde",36
"Assessoria, consultoria e informação sobre seguros de saúde",36
"Assessoria, consultoria e informações financeiras prestadas a investidores",36
"Assessoria, consultoria e informações sobre atuaria [avaliação e administração de riscos]",36
"Assessoria, consultoria e informações sobre investimento bancário",36
Atuária,36
Avaliação de bens semoventes [valoração],36
Banco comercial [serviços financeiros],36
Banco de desenvolvimento [serviços financeiros],36
Banco de investimento [serviços financeiros],36
Banco múltiplo com ou sem carteira comercial [serviços financeiros],36
Caderneta de poupança [serviços financeiros],36
Caixa de aposentadoria [serviços financeiros],36
Câmbio monetário,36
Capitalização [serviços financeiros],36
Cartão de caixa [serviços financeiros],36
Carteira de investidor estrangeiro [serviços financeiros],36
"Cheque-refeição [serviços de pagamento de refeições através de tíquetes, vales ou cupons]",36
Clube de investimento [serviços financeiros],36
Cobertura de seguro médico para viajante [seguro-saúde],36
Comercialização de seguro saúde,36
Comércio de imóveis,36
Companhia hipotecária [serviços financeiros],36
Compensação de cheque [serviços financeiros],36
Compra e venda de imóveis,36
Concessão de bolsas de estudo,36
Consórcio de bens [serviços financeiros],36
Consórcio funerário,36
Constituição e administração de fundo de investimento [serviços financeiros],36
Cooperativa de crédito,36
Corretagem de seguro financeiro,36
Cotações de bolsa de mercadoria e de futuro,36
Crédito educativo,36
Custódia de valor,36
Depósito de valores,36
Desconto de título de crédito,36
Disponibilização de crédito para efetuar chamada telefônica,36
Emissão de bônus de valor,36
Emissão de debênture,36
"Empréstimo contra garantia, penhor",36
Garantia estendida,36
Gestão de risco financeiro,36
Home-banking,36
Incorporação de imóvel,36
"Informação sobre crédito de cheques, títulos e outros documentos",36
Informe financeiro relacionado à assessoria econômico-financeira,36
Leasing [financiamento] de veículos,36
Leasing de imóveis,36
Liquidação de sinistro,36
Loteamento imobiliário,36
Montepio,36
Participação em outras sociedades,36
Pecúlio,36
Perícia técnica na área de economia,36
Perícia técnica na área financeira,36
"Plano de assistência técnica automotiva, venda e administração",36
"Plano de saúde, venda e administração",36
"Plano funerário, venda e administração",36
Proteção ao crédito,36
Serviço de carteira de compensação entre negócios,36
Serviços de detecção de fraudes contra cartões de crédito,36
"Serviços de recarga de créditos de cartões magnéticos do tipo: vale refeição, alimentação ou combustível Serviços de time sharing",36
Administração de planos de previdência privada,36
Captação de recursos financeiros,36
"Site para efetuar pagamentos de taxas, consórcios, mensalidades",36
Subscrição de seguro,36
Vistoria prévia em veículo para seguradora e corretora de seguro,36
Abastecimento de veículos,37
Aluguel de compressores,37
Aluguel de ferramentas pneumáticas,37
Aluguel de máquina para limpeza,37
"Aperfeiçoamento de equipamento automotivo [instalação, manutenção, reparo][tuning]",37
"Aplicação de estaca tipo mega para eliminação de rachadura e trinca em prédio urbano e rural Assessoria, consultoria e informação em aluguel de equipamentos para construção",37
"Assessoria, consultoria e informação em construções",37
"Assessoria, consultoria e informação em dedetização",37
"Assessoria, consultoria e informação em manutenção de instalações de esgoto",37
"Assessoria, consultoria e informação em pintura de prédios",37
"Assessoria, consultoria e informação em reparo e manutenção de utensílios domésticos",37
"Assessoria, consultoria e informação em reparo e manutenção de veículos",37
"Assessoria, consultoria e informação em reparos no setor de aviação",37
"Assessoria, consultoria e informação em restauração de móveis",37
"Assessoria, consultoria e informação em serviços de revestimentos",37
"Assessoria, consultoria e informação em supervisão de construção",37
Assistência técnica de persianas,37
Assistência técnica e manutenção de computador [hardware],37
"Assistência técnica, consultoria e informação sobre filtros para piscina",37
Automação industrial [instalação e manutenção de máquinas],37
Calafetagem,37
"Calçado, reparo e manutenção",37
Capoteiro [conserto de capota de automóvel],37
"Coleta de materiais, exceto transporte e armazenamento",37
Colocação de piso e pedra,37
Concessionária de veículos [reparo/assistência técnica para veículos],37
Conserto de aparelho de som de veículo,37
Conserto de aparelho fotográfico,37
Conserto de autorrádio,37
Conserto de extintor,37
Conserto de guarda-chuva,37
Conserto de guarda-sol,37
Conserto de relógio,37
Conserto e manutenção de aparelho auditivo,37
Conserto e manutenção de aparelhos audiovisuais eletroeletrônicos,37
Conserto e manutenção de brinquedos,37
Conserto e manutenção de equipamentos de refrigeração,37
Conserto e manutenção de máquinas de lavar,37
Conserto e reparo de tapete,37
Conserto e reparo de tenda,37
Conserto e reparo de valises e malas,37
Conservação de campo de esporte,37
Conservação de obras de arte,37
Conservação de piscina para a prática de esporte,37
Conservação de quadra para a prática de esporte,37
Conservação e manutenção de container,37
Construção de fábrica,37
Construção de porto,37
Construção de vedação,37
Construção e reparação de obra civil,37
Construção e reparação em colocação de alvenaria,37
Construção e reparação em colocação de calha,37
Construção e reparação em colocação de cerca de arame,37
Construção e reparação em colocação de esquadria,37
Construção e reparação em colocação de piso,37
Construção e reparação em colocação de tela,37
Construção submarina,37
Consultoria técnica em coleta [seleção] de materiais,37
Controle de estaqueamento,37
Conversão de veículos a gasolina para gás natural,37
Dedetização,37
Desentupimento e limpeza de cano e tubulação,37
Desinfecção e limpeza de piscina,37
Dragagem,37
Esterilização de instrumentos cirúrgicos,37
Estimulação de poço e de controle de areal e água,37
Estofador,37
"Ferramentaria manual [reparação, montagem e construção]",37
Impermeabilização em obra civil,37
Instalação de aparelho de som para veículo,37
Instalação de cabo telefônico,37
"Instalação e conserto de ar condicionado, inclusive de veículo",37
Instalação e conserto de rádio-comunicação,37
Instalação e conserto de telefone,37
Instalação e manutenção de instalações a gás,37
Instalação e manutenção de instalações elétricas,37
Instalação e manutenção de instalações hidráulicas,37
Instalação e reparação de alarme para veículo,37
"Instalação, manutenção e conserto de aparelhos domésticos a gás",37
"Instalação, manutenção e conserto de computador [hardware]",37
"Instalação, manutenção e reparo de estrutura de letreiro e de painel elétrico e eletrônico, inclusive de veículo Instalação, reparo e manutenção de equipamentos de calefação",37
Lanternagem e funilaria automotiva [reparo e manutenção de veículos],37
Lavagem a vapor,37
"Limpeza, reparo, e manutenção de rede de esgoto",37
Lustrador de artigo de madeira e do mobiliário [manutenção],37
"Manutenção de balão, míssil e aeronave para fim meteorológico",37
"Maquete [construção de protótipos, maquetes e miniaturas para projetos arquitetônicos, empreendimentos imobiliários, de acordo com projeto] Montagem de estruturas metálicas para eventos",37
Pavimentação de estrada,37
Perfuração do solo,37
Reconstrução de edificações [reedificação],37
Recuperação de arma e equipamento bélico,37
Reencadernação de livro [serviço de reparação de encadernação],37
Reparação de barraca,37
Reparação de bolsas,37
Reparação de cachimbo,37
Reparação de câmara de ar,37
Reparação de equipamento de gás [serviço de manutenção e reparo],37
Reparação de furador de papel,37
Reparação de grampeador [artigo de escritório],37
Reparação de isqueiro,37
Reparação de monumento [serviço de manutenção e reparo],37
Reparação de piteira,37
Reparação e conservação de adorno [serviço de manutenção e reparo],37
Reparação e manutenção da estrutura de letreiro e painel não elétrico,37
Reparo de estampas,37
Reparo de fechadura,37
Reparo de moldes para estamparia [serviço de manutenção e reparo],37
Reparo ou manutenção de aparelhos e equipamentos de uso em barbearia e salões de beleza Repassagem de roupa,37
Restauração de afresco [serviço de restauração de obra artística],37
Restauração de obra sacra e histórica [serviço de restauração de obra artística],37
"Sapateiro, conserto e reparo",37
Serralheria [conserto],37
Serviço de recarga para cartucho de impressora,37
Serviços de bombeiro hidráulico,37
Serviços de borracharia,37
Serviços de borracheiro,37
"Serviços de centro de diagnóstico de veículo [serviços de manutenção/reparo de automóveis] Serviços de chaveiro [conserto, manutenção e reparo de fechaduras]",37
Serviços de conservação e limpeza em campo de esporte,37
Serviços de construtor,37
Serviços de engraxate,37
Serviços de pedreiro,37
Serviços de pinturas viárias,37
Serviços de recarga de cartuchos ou toner vazios,37
"Serviços de sinalização [instalação, manutenção e construção]",37
Terraplanagem,37
Zelador,37
Agência de notícias/jornalismo [transmissão/difusão de informações],38
Aluguel de caixas postais eletrônicas para e-mail,38
"Assessoria, consultoria e informação em comunicação no campo áudio visual",38
"Assessoria, consultoria e informação em telecomunicações",38
Consulta à lista telefônica por computador,38
"Consultoria referente a implantação, operação, gerenciamento e suporte de redes de telecomunicações e suas configurações Correio [transmissão de mensagem]",38
Cyber café [aluguel de tempo de acesso à internet],38
Distribuição de vídeos on-line [streaming de vídeos],38
"Fornecimento de mecanismos de busca para a obtenção, manutenção e distribuição de dados a partir de um banco de dados localizado em uma rede mundial de computadores",38
[provimento de acesso a um website] Habilitação de celular [serviço de telecomunicação],38
Leasing de espaço na internet,38
Provedor de acesso [telecomunicação],38
Provimento de acesso a lojas eletrônicas [telecomunicação],38
Rádio-chamada,38
Radioastronomia,38
Radiocomunicação,38
Radiocomunicação terrestre ou espacial,38
"Radiodeterminação [determinação, mediante o emprego de ondas radioelétricas, da posição de um móvel ou da direção ou distância em que este se encontra em relação a um ou dois",38
pontos conhecidos] Radiofonia,38
Radiolocalização,38
Radionavegação,38
Radiossonda [transmissão de dados meteorológicos],38
Rastreamento de bovinos [radiolocalização],38
Serviço de transmissão de noticiário,38
"Serviços de carregamento, compartilhamento e postagem de fotos áudio e vídeo [transmissão] Serviços de comunicação para a transmissão de uma transação eletrônica de um estabelecimento até uma central de processamento [telecomunicação] Telemática [transmissão de informações/ telecomunicação]",38
Telemetria,38
Televisionamento,38
Transmissão [emissão] de sinal de telecomunicação por satélite,38
Transmissão audiovisual via antena,38
Transmissão audiovisual via cabo,38
Transmissão audiovisual via satélite,38
"Abastecimento de água, captação e fornecimento de água tratada",39
Administração de rodovia,39
"Agência de viagem, exceto reserva de hotel",39
Agenciamento de navio,39
Agenciamento de veículo de carga e de reboque,39
Agente de viagem,39
Ambulância para animal [transporte],39
Arrendamento de contêiner,39
"Assessoria, consultoria e informação em armazenagem",39
"Assessoria, consultoria e informação em distribuição de energia",39
"Assessoria, consultoria e informação em embalagem",39
"Assessoria, consultoria e informação em empreendimento turístico",39
"Assessoria, consultoria e informação em serviços de entrega",39
"Assessoria, consultoria e informação em serviços de tráfego",39
"Assessoria, consultoria e informação em transportes",39
"Assessoria, consultoria e informação em viagem e turismo",39
"Assessoria, consultoria e informações sobre transportes",39
Controle de rodovia,39
Controle de tráfego de veículos,39
Correio [entrega de mensagem],39
Corretagem de frete [despachante de frete],39
Distribuição de mercadorias para terceiros [transporte],39
Emissão e venda de passagens,39
Empacotamento de mercadorias para fins de transporte,39
Entrega de correspondência,39
Entrega de malote,39
Entrega de mensagens animadas por meio de veículos ou ao vivo,39
Entrega de refeições fornecidas por terceiros [delivery],39
"Estivagem [conjunto de operações destinadas à movimentação de mercadorias de terra para bordo, ou de uma embarcação para outra, ou de bordo para terra] Frigorífico [armazenagem de produto alimentício]",39
Guarda-móveis [estabelecimento para depósito de móveis],39
"Guarda-volume [sala ou lugar qualquer para, com segurança e por determinado tempo, se depositarem volumes] Guia de turismo",39
Intermediação de carga,39
"Intermediação de serviços de transporte, por meio de aplicativo",39
Logística de distribuição para terceiros [armazenagem e transporte],39
Operação de aeroportos [transporte],39
Operação de estacionamento,39
Operação de portos [transporte],39
Operação de rodovias [transporte],39
Pedágio,39
Salvamento em transporte,39
Serviço de radiofarol,39
Serviços de busca e resgate de aeronave,39
Transporte de urna mortuária,39
"Assessoria, consultoria e informação em produção de energia",40
Ateliê de costura,40
Beneficiamento da castanha-de-caju,40
Beneficiamento de alimentos,40
Beneficiamento de cereal,40
Beneficiamento de laticínio,40
Blindagem de veículo,40
Caldeiraria [oficina de caldeireiro],40
Chapeamento com prata,40
Colocação de sobrecapa [serviços de encadernação],40
Confecção de artigo do vestuário sob encomenda,40
Confecção de etiqueta com código de barra,40
Confecção de prótese dentária [protético],40
Confecção/gravação de carimbos,40
Cromagem dos para-choques de veículo,40
Encolhimento de tecido,40
Escultor [artista plástico],40
Esterilização de alimento,40
"Ferramentaria [transformação, tratamento ou beneficiamento]",40
Folheamento a ouro,40
Fotolito,40
Geração de energia e capacidade elétrica,40
"Gravação em vidro, placa e moeda",40
Heliografia [processo fotográfico],40
Jateamento de areia em vidro,40
Lapidação de pedra,40
Laqueação de madeira,40
Linotipia,40
Litografia,40
Plastificação,40
Plotagem,40
Processamento e compressão de gás,40
Produção de próteses dentárias [protética dentária],40
Protético [serviço técnico de odontologia],40
Recozimento de metal,40
Restauração e conservação de fotografias,40
Revestimento de poliuretano em peça [serviço de tratamento de materiais],40
"Sapateiro, confecção sob medida",40
Separação e tratamento de resíduos urbanos para reciclagem,40
Serralheria [fabricação],40
Serviço de injeção de plástico,40
Serviço de mistura de tintas,40
Serviços de bordadeira,40
Serviços de cerzideira,40
Serviços de chaveiro [fabricação de chaves e fechaduras],40
Serviços de clicheria,40
Silk-screen [serigrafia],40
Tipografia [sistema de imprimir com fôrmas em relevo; impressão tipográfica],40
Tratamento de esgoto,40
"Tratamento e conservação de células, tecidos e organismos vivos em baixas temperaturas [crioconservação] Tratamento e purificação da água da piscina",40
Usinagem metalúrgica,40
Usinagem siderúrgica,40
Vitrificação,40
"Zincografia, linotipia e litografia",40
Academia de dança,41
Academia de tênis,41
Adestramento de animal,41
Agência de modelos para artistas [modelos vivos],41
Agência de notícias/jornalismo [elaboração de reportagens fotográficas ou não],41
Agência fotográfica,41
Agente artístico; literário e cultural [promotor de evento],41
Aluguel de armários para vestiários para escolas/academias,41
Aluguel de equipamento de lazer,41
"Aluguel de espaços próprios para exposições, conferências e espetáculos, todos para fins culturais Aluguel de material para trilha e acampamento",41
Aluguel de prancha de surf,41
Aluguel de salão de festas,41
Animação de festa,41
Apresentação de canto,41
Apresentação de capoeira [esporte],41
Apresentação de carimbó,41
Apresentação de caxambu,41
Apresentação de espetáculos ao vivo de chorinho [música],41
Apresentação de espetáculos ao vivo de grupo carnavalesco,41
Apresentação de espetáculos ao vivo de samba [dança],41
Apresentação de espetáculos ao vivo de samba [música],41
Apresentação de fandango caiçara,41
Apresentação de frevo,41
Apresentação de jongo,41
Apresentação de mamulengos,41
Apresentação de marabaixo,41
Apresentação de maracatu de baque solto,41
Apresentação de maracatu nação,41
Apresentação de partido alto,41
Apresentação de punga do Maranhão,41
Apresentação de samba de roda,41
Apresentação de samba de terreiro,41
Apresentação de tambor de crioula do Maranhão,41
Apresentação de teatro de bonecos popular do Nordeste,41
Apresentação de toque de sinos,41
Apresentação folclórica de caboclinhos,41
Apresentação folclórica do cavalo-marinho,41
Apresentação literária de cordel,41
Arbitragem esportiva,41
"Assessoria, consultoria e informação em atividades desportivas e culturais",41
"Assessoria, consultoria e informação em edição",41
"Assessoria, consultoria e informação em educação [instrução]",41
"Assessoria, consultoria e informação em educação física",41
"Assessoria, consultoria e informação em entretenimento [lazer]",41
"Assessoria, consultoria e informação em treinamento [demonstração][ensino]",41
"Assessoria, consultoria e informação ensino",41
Aula de samba [dança],41
Autoescola,41
Banda de música [serviços de entretenimento],41
Bilhar [diversão],41
Boliche [diversão],41
Cantor(a),41
Clube de livro e disco [lazer ou educação],41
Clube de vídeo game e vídeo cassete [lazer ou educação],41
"Copidesque [edição de texto, exceto de publicidade]",41
Curso de ciências ocultas,41
Curso de idioma,41
Curso técnico de formação,41
Cursos livres [ensino],41
"Decoração de festas, cerimônias e eventos",41
Demonstração de capoeira [esporte],41
Desfile de moda somente para entretenimento,41
Diagramação [editoração eletrônica de publicações],41
Disc-jóquei,41
Distribuição de brinquedos para caridade,41
"Edição de texto, exceto de publicidade [copidesque]",41
Empresário [organização e produção de espetáculos],41
Ensino das tradições da punga do Maranhão,41
Ensino das tradições do carimbó,41
Ensino das tradições do caxambu,41
Ensino das tradições do fandango caiçara,41
Ensino das tradições do jongo,41
Ensino das tradições do marabaixo,41
Ensino das tradições do tambor de crioula do Maranhão,41
Ensino das tradições folclóricas de caboclinhos,41
Ensino das tradições folclóricas do cavalo-marinho,41
Ensino de capoeira [esporte],41
Ensino de chorinho [música],41
Ensino de chorinho [prática instrumental],41
Ensino de frevo,41
Ensino de história,41
Ensino de maracatu,41
Ensino de samba [dança],41
Ensino de samba [música],41
Ensino de samba [prática instrumental],41
Fã clube,41
Gravações musicais em vhs/dvd/cd [serviços de estúdio],41
Grupo musical,41
"Guias eletrônicos, revistas, jornais e boletins oferecidos ao consumidor online [somente para acesso, sem possibilidade de download] Ioga e iogaterapia, sendo atividades desenvolvidas em academias de ginástica",41
"Jogos on-line, não baixáveis, providos em um ambiente virtual",41
Jornalismo [reportagens],41
Locutor de eventos,41
"Organização de evento esportivo, a saber, torneio de capoeira",41
Organização de programas de intercâmbio cultural e educativo,41
Parque de diversão,41
Pilates [atividade física],41
Pintura corporal Kusiwa Wajãpi,41
Prática de capoeira [esporte],41
Prática de chorinho [música],41
Prática de chorinho [prática instrumental],41
Prática de grupo carnavalesco,41
Prática de samba [dança],41
Prática de samba [música],41
Prática de samba [prática instrumental],41
Promoção de eventos esportivos,41
Promotor de eventos [se artísticos/culturais],41
"Provimento de imagens, áudios e vídeos on-line, não baixáveis, enquanto serviço de influenciador digital Provimento de imagens, áudios ou vídeos on-line, não baixáveis, autenticados por NFTs",41
"Provimento de website a disponibilizar foto, áudio e vídeo, não baixável [serviço de educação] Provimento de website a disponibilizar foto, áudio e vídeo, não baixável [serviço de entretenimento] Reserva e emissão de bilhetes para shows",41
Salas de cinema,41
Serviço de repórter [agência de notícia],41
Serviços de cenografia,41
Serviços de cerimonial [planejamento de eventos] sem fins comerciais ou publicitários,41
Serviços de companhia teatral,41
Serviços de concepção de programas de tv/rádio,41
Serviços de conjunto musical [serviços de entretenimento],41
Serviços de educação on-line prestados em um ambiente virtual,41
"Serviços de educação, prestados a título de assistência social",41
"Serviços de entretenimento, a saber, torneios de capoeira",41
"Serviços de lazer e entretenimento, prestados a título de assistência social",41
Serviços de premiação,41
Serviços de sinuca [entretenimento],41
Sonorização,41
Sonorização de eventos para empresas e similares,41
"Testes, exames e provas psicotécnicos para orientação vocacional",41
Treinamento de capoeira [esporte],41
Treinamento físico de alta intensidade com exercícios aeróbicos e anaeróbicos,41
Treinamento prático [apresentação] de capoeira [esporte],41
Treinamento prático [demonstração] de capoeira [esporte],41
Treinamento prático de chorinho [música],41
Treinamento prático de chorinho [prática instrumental],41
Treinamento prático de grupo carnavalesco,41
Treinamento prático de samba [dança],41
Treinamento prático de samba [música],41
Treinamento prático de samba [prática instrumental],41
Universidade [serviço de educação],41
Venda de bilhetes de loteria,41
Venda de ingressos para shows e espetáculos,41
"Adaptação de balão, míssil e aeronave para fim meteorológico, exceto sua manutenção",42
Aerofotogrametria,42
Agência reguladora,42
Agrimensura [medição de terras agrícolas],42
Aluguel de tempo de acesso a banco de dados,42
Análise de material,42
Análise de solo,42
Análise de suporte e sistema [serviço de informática],42
Análise e processamento de dados [serviço de informática],42
Análise para exploração de jazida,42
Antropologia [estudo e pesquisa],42
"Apoio à exploração, perfuração, produção de petróleo e gás",42
Armazenagem de células humanas para fins de estudos científicos,42
Arqueologia [estudo e pesquisa],42
Assessoria e consultoria em avaliação da conformidade,42
Assessoria e consultoria em controle de qualidade,42
Assessoria e consultoria em ensaios técnicos para controle de qualidade,42
Assessoria e consultoria em inspeção para controle de qualidade,42
Assessoria e consultoria em rastreabilidade [controle de qualidade],42
Assessoria e consultoria em realização de testes e medições para controle de qualidade,42
"Assessoria, consultoria e informação em agrimensura de fazendas",42
"Assessoria, consultoria e informação em astronomia",42
"Assessoria, consultoria e informação no campo da automação de locais de trabalho",42
"Assessoria, consultoria e informação no campo da física",42
"Assessoria, consultoria e informação no campo da segurança da informática",42
"Assessoria, consultoria e informação no campo da segurança da informática [programação]",42
"Assessoria, consultoria e informação no campo da seleção, implementação e uso dos sistemas hardware e software para terceiros Assessoria, consultoria e informação sobre desenvolvimento de produtos",42
"Assessoria, consultoria e informação sobre meteorologia e condições climáticas ligadas ao fechamento de estradas e condições para determinados esportes Assessoria, consultoria e informação sobre pesquisas científicas no campo da bioquímica e biotecnologia Assessoria, consultoria e informação sobre pesquisas de cosméticos",42
"Assessoria, consultoria e informação sobre testes de segurança de produtos para consumidores [testes de materiais] Assessoria, consultoria e informações e pesquisas no campo biológico",42
"Assessoria, consultoria e informações no campo da manutenção da segurança e integridade de banco de dados [serviço de informática] Assessoria, consultoria e informações no campo de processos tecnológicos",42
"Assessoria, consultoria e informações sobre arquitetura",42
"Assessoria, consultoria e informações sobre artes gráficas",42
"Assessoria, consultoria e informações sobre catalisadores [química]",42
"Assessoria, consultoria e informações sobre construção de estrutura predial [engenharia]",42
"Assessoria, consultoria e informações sobre decoração de interiores",42
"Assessoria, consultoria e informações sobre engenharia",42
"Assessoria, consultoria e informações sobre engenharia industrial",42
"Assessoria, consultoria e informações sobre gás [química]",42
"Assessoria, consultoria e informações sobre líquidos [química]",42
"Assessoria, consultoria e informações sobre óleo industrial [química]",42
"Assessoria, consultoria e informações sobre pesquisas e análises bacteriológicas, biológicas, químicas e bioquímicas Assessoria, consultoria e informações sobre pesquisas no campo biológico",42
"Assessoria, consultoria e informações sobre pesquisas no campo de agricultura",42
"Assessoria, consultoria e informações sobre pesquisas no campo de confinamento de animal Assessoria, consultoria e informações sobre pesquisas no campo de engenharia genética",42
"Assessoria, consultoria e informações sobre pesquisas no campo de transferência de embrião de animal Assessoria, consultoria e informações sobre petroquímica",42
"Assessoria, consultoria e pesquisa científicas no campo da saúde e da medicina",42
"Assessoria, consultoria, informação e assistência em pesagem e em metrologia",42
Assistência técnica em software,42
Astrobiologia [estudo e pesquisa],42
Astrobotânica [estudo e pesquisa],42
Astroclima [estudo e pesquisa],42
Astrofísica [estudo e pesquisa],42
Astrogenia [estudo e pesquisa],42
Astrometria [estudo e pesquisa],42
Astronomia cometária [cometografia],42
Astronomia de campo [estudo e pesquisa],42
Astronomia descritiva [estudo e pesquisa],42
Astronomia estelar [estudo e pesquisa],42
Astronomia instrumental [astronomia prática] [estudo e pesquisa],42
Astronomia meteórica [meteorografia] [estudo e pesquisa],42
Astroscopia [estudo e pesquisa],42
Astrostática [estudo e pesquisa],42
Astrozoologia [estudo e pesquisa],42
Autenticação de dados [serviço de informática],42
Autenticação de diamantes,42
"Automação industrial [desenvolvimento, instalação e manutenção de sistemas]",42
Avaliação da conformidade de produtos [ensaios/testes],42
Avaliação da conformidade de serviços [ensaios/testes],42
Cálculo e dimensionamento na área de engenharia,42
Composição gráfica [criação em arte gráfica],42
Computação gráfica [serviços de informática],42
Concepção de protótipo [elaboração de projeto],42
Concepção e projetos de maquetes e protótipos,42
"Concepção/elaboração de projeto de balão, míssil e aeronave para fim meteorológico",42
Controle ambiental de poluição do ar e sonora,42
Controle de qualidade de processos/sistemas produtivos,42
Controle de qualidade de produtos,42
Controle de qualidade de serviços,42
Controle de qualidade do alimento,42
Controle de qualidade na indústria,42
Controle de qualidade para laboratório de análise clínica,42
Criação de homepage,42
Criação de software de computação gráfica,42
Criação e projeto de planta para construção,42
Cyber café [aluguel de tempo de acesso a software],42
Desenho artístico,42
"Desenho de arte gráfica, inclusive para homepage",42
Desenvolvimento de projetos técnicos sobre sistemas agroecológicos,42
Desenvolvimento de projetos técnicos sobre sistemas agroflorestais,42
Desenvolvimento de softwares e componentes de softwares para terceiros para uso em ambiente virtual Design de aplicativo de multimídia,42
Design de homepage,42
Digitalização,42
Emissão/validação de certificado digital,42
Engenharia biológica,42
Ensaios técnicos para controle de qualidade de processos/sistemas produtivos,42
Ensaios técnicos para controle de qualidade de produtos,42
Ensaios técnicos para controle de qualidade de serviços,42
Escaneamento,42
Exploração submarina [pesquisa],42
"Fornecimento de mecanismos de busca para a obtenção, manutenção e distribuição de dados a partir de um banco de dados localizado em uma rede mundial de computadores",42
"[desenvolvimento de um software/website para terceiros] Fornecimento de mecanismos de busca para a obtenção, manutenção e distribuição de dados a partir de um banco de dados localizado em uma rede mundial de computadores [se",42
for uma ferramenta de busca] Fotogrametria [fotocartografia],42
Geodesia [estudo e pesquisa],42
Geografia [estudo e pesquisa],42
Geologia [estudo e pesquisa],42
Heliografia [estudo do sol] [estudo e pesquisa],42
Hidrologia [estudo e pesquisa],42
Higrometria para indicação do tempo,42
História [pesquisa e levantamento arqueológico],42
Implantação de sistema [informática],42
Inspeção de máquina e material,42
Inspeção de processos/sistemas produtivos para controle de qualidade,42
Inspeção de produtos para controle de qualidade,42
Inspeção de serviços para controle de qualidade,42
Maquete eletrônica,42
Medição de energia elétrica,42
Medição e análise de solo,42
Medição e verificação de emissões de dióxido de carbono e outros gases estufas,42
Museologia [pesquisa e estudo],42
Oceanografia,42
Paleontologia [pesquisa e estudo],42
Perícia técnica na área de arquitetura,42
Perícia técnica na área de biologia,42
Perícia técnica na área de computação e informática,42
Perícia técnica na área de engenharia,42
Perícia técnica na área de física,42
Perícia técnica na área de geologia,42
Perícia técnica na área de matemática,42
Perícia técnica na área química,42
Pesagem de mercadoria para terceiros,42
Pesquisa científica sobre assuntos de natureza paranormal,42
Pesquisa de bens minerais,42
"Pesquisa no campo da ciência e tecnologia sobre a existência de vida inteligente no universo, astronomia e ciências planetárias Pesquisa sobre sistemas agroecológicos",42
Pesquisa sobre sistemas agroflorestais,42
Pesquisas agropecuárias,42
Pesquisas navais,42
Pintor [artista plástico],42
Pintura à mão em tecido,42
Pintura artística,42
"Planejamento, confecção, manutenção e atualização de páginas eletrônicas",42
Planimetria [levantamento topográfico],42
Pluviometria ou udometria,42
Programação visual,42
Projeto de arquitetura,42
Projeto de decoração,42
Projeto de distribuição de água,42
Projeto de distribuição de energia elétrica,42
Projeto de engenharia aeronáutica,42
Projeto de engenharia agrícola,42
Projeto de engenharia agronômica,42
Projeto de engenharia civil,42
Projeto de engenharia da computação,42
Projeto de engenharia de alimento,42
Projeto de engenharia de automóvel,42
Projeto de engenharia de controle de qualidade,42
Projeto de engenharia de material,42
Projeto de engenharia de mina,42
Projeto de engenharia de pesca,42
Projeto de engenharia de produção,42
Projeto de engenharia de qualquer natureza,42
Projeto de engenharia de segurança do trabalho,42
Projeto de engenharia de tráfego,42
Projeto de engenharia elétrica,42
Projeto de engenharia eletrônica,42
Projeto de engenharia florestal,42
Projeto de engenharia genética,42
Projeto de engenharia industrial,42
Projeto de engenharia mecânica,42
Projeto de engenharia metalúrgica,42
Projeto de engenharia naval,42
Projeto de engenharia nuclear,42
Projeto de engenharia oceânica,42
Projeto de engenharia química,42
Projeto de engenharia sanitarista,42
Projeto de engenharia têxtil,42
Projeto de geração de energia elétrica,42
Projeto de química,42
Projeto de sistema de computador,42
Projeto de tubulação,42
Projeto e cálculo,42
Projeto industrial,42
Projetos de automação industrial,42
Provimento de assinaturas digitais [segurança informática],42
Provimento de assinaturas eletrônicas [autenticação de dados],42
Rastreabilidade de processos/sistemas produtivos [controle de qualidade],42
Rastreabilidade de produtos [controle de qualidade],42
Rastreabilidade de serviços [controle de qualidade],42
Realização de testes e medições para controle de qualidade de processos/sistemas produtivos Realização de testes e medições para controle de qualidade de produtos,42
Realização de testes e medições para controle de qualidade de serviços,42
Serviço de química [pesquisa e análise para fim industrial],42
Serviço de segurança bancária por meio de utilização de senha [software],42
Serviços de cometografia [estudos em astronomia cometária],42
Serviços de desenvolvimento de banco de dados [informática],42
Serviços de engenharia e planejamento no campo de redes de informação e comunicações,42
"Serviços de ilustrações gráficas, técnicas e simulações gráficas de projeto",42
Serviços de ilustradores,42
"Serviços de projetos arquitetônicos de casas populares, prestados a título de assistência social Serviços de sinalização [projetos arquitetônicos e engenharia]",42
Silvicultura [estudo e pesquisa],42
Sites de busca [fornecimento de mecanismos de busca na internet],42
Sondagem de solo e subsolo,42
"Suporte técnico em informática, a saber instalação, manutenção e configuração de banco de dados Tratamento de dados [serviço de informática]",42
Vistoria e perícia técnica de veículos,42
Vistorias navais,42
Aconselhamento relativo a receitas culinárias,43
Albergue,43
Alimentação natural e macrobiótica [serviços de fornecimento de comida e bebida],43
Alojamento para animal [acomodações temporárias],43
Aluguel de bebedouros,43
"Assessoria, consultoria e informação em culinária",43
"Assessoria, consultoria e informação em viagens [alojamento e reservas]",43
"Assessoria, consultoria e informação relativa à produção de alimento",43
"Assessoria, consultoria e informação sobre o vinho e suas características",43
"Assessoria, consultoria e informação técnica em serviço de alimentação",43
"Assessoria, consultoria e informações sobre restaurante",43
Camping [provimento de acomodações],43
Churrascaria [restaurante],43
Creche,43
Cyber café [fornecimento de comida e bebida],43
Distribuição de cestas básicas a pessoas carentes,43
Fornecimento de cestas de café da manhã [serviços de alimentação],43
Hotel para animais,43
"Intermediação de serviços de fornecimento de comida e bebida materiais, por meio de um ambiente virtual Intermediação de serviços de fornecimento de comida e bebida, por meio de aplicativo",43
Padaria [fornecimento de comidas e bebidas para consumo imediato],43
Serviços de berçário,43
Serviços de copeiras,43
Serviços de pensão [acomodações temporárias],43
Serviços de pensão [serviços de fornecimento de comida e bebida],43
Serviços de restaurantes com entrega em domicílio,43
Spa [serviço de hospedagem e fornecimento de refeições],43
Aluguel de aparelhos e equipamentos de uso em barbearia e salões de beleza,44
Aluguel de mictório,44
Análise e prognóstico nutricional,44
Análise farmacêutica,44
Apicultura,44
Aqüicultura,44
Armazenagem de células humanas para fins médicos,44
"Assessoria, consultoria e informação em assistência médica, prestada por médicos e outros especialistas da área médica Assessoria, consultoria e informação em estética capilar",44
"Assessoria, consultoria e informação em estética pessoal [tratamento de pele e cabelo]",44
"Assessoria, consultoria e informação em massagem",44
"Assessoria, consultoria e informação em nutrição",44
"Assessoria, consultoria e informação médica",44
"Assessoria, consultoria e informação na área agrícola",44
"Assessoria, consultoria e informação na área de horticultura de parreirais",44
"Assessoria, consultoria e informação na área médica",44
"Assessoria, consultoria e informação no campo da saúde e da medicina",44
"Assessoria, consultoria e informação odontológica",44
"Assessoria, consultoria e informação sobre aplicação de pesticidas e sobre resíduos de pesticidas em alimentos Assessoria, consultoria e informação sobre beleza",44
"Assessoria, consultoria e informação sobre cuidados médicos",44
"Assessoria, consultoria e informação sobre doenças mentais",44
"Assessoria, consultoria e informação sobre suplementos dietéticos e nutrição",44
"Assessoria, consultoria e informações no campo de engenharia genética [referentes à medicina] Assessoria, consultoria e informações sobre aquacultura",44
"Assessoria, consultoria e informações sobre florestamento e reflorestamento",44
"Assessoria, consultoria e informações sobre medicina, assistência médica e odontológica",44
"Assessoria, consultoria e informações sobre paisagismo",44
Avaliação da capacidade auditiva [audiometria],44
Aviamento de receita em farmácia de manipulação,44
Banco de leite humano,44
Banco de sêmen animal,44
Bronzeamento artificial,44
Cirurgias médicas [serviços médicos],44
Clínica de desintoxicação,44
Clínica veterinária,44
"Coleta, em domicílio, de material para análise clínica médica",44
"Coleta, em domicílio, de material para análise clínica veterinária",44
Colheita [serviços de agricultura],44
Consultas médicas [serviços médicos],44
Corte de árvore,44
"Corte de cabelo masculino, feminino e infantil",44
Cria e engorda de gado bovino,44
Criação de gado [serviço agropecuário],44
Depilação,44
Desenvolvimento e transferência de embrião animal,44
Desmatamento,44
Ducha e banho,44
Estética [tratamento da pele e cabelo],44
Estética facial e corporal,44
Estética para animal [toalete animal],44
Exame bacteriológico [análise clínica],44
Exame de seqüência genética,44
Extração de veneno de animal peçonhento,44
Extração florestal,44
Farmácia de manipulação [manipulação de medicamentos],44
Grupos de autoajuda [terapia em grupo],44
Higiene animal [toalete animal],44
Horticultura [serviço agropecuário],44
Hospital para plantas,44
Hotel para plantas,44
Inseminação animal artificial,44
Investigação de paternidade [exame],44
Ioga e iogaterapia [terapias alternativas para saúde física e mental],44
"Irrigação [rega artificial da terra por meio de canais, canos e levadas]",44
Laboratório de análise clínica,44
Manicure e pedicure,44
Manipulação de fórmulas medicinais,44
Manutenção de plantas [cultura de plantas],44
Medicina chinesa e ayurvédica,44
Odontologia [cirurgião-dentista],44
Orientação nutricional,44
Orientação nutricional para alimentação natural e macrobiótica [serviços de saúde],44
Orientação psicológica,44
Perícia legista,44
Perícia médica,44
Perícia médica/perito médico-legista,44
Perícia na área sanitária,44
Perícia odontológica/perito odonto-legista,44
Perícia técnica na área de farmácia,44
Perícia técnica na área de fisioterapia,44
Perícia técnica na área de fonoaudiologia,44
Pilates [terapia alternativa para saúde física e mental],44
Piscicultura,44
Preparação de terra,44
"Produção de coberturas reprodutivas, reprodutores, matrizes, embriões, de sêmen, produtos genéticos e de reprodução de gado bovino e produtos agropecuários Psicologia animal",44
"Psicometria [medida da duração e da intensidade de processos mentais, por meio de métodos padronizados] Psicopedologia [estudo da atividade psíquica infantil]",44
Psicoterapia,44
"Psicroterapia [terapia que se vale do frio, empregando-o de modos diversos]",44
Psiquiatria,44
Pulverização [agropecuária],44
"Quiroprática [sistema terapêutico que, partindo do pressuposto de que as doenças resultam de disfunção nervosa, procuram corrigi-las por manipulação, e por outros cuidados, de",44
estruturas; quiropraxia] Ranário [criação de rã],44
"Reabilitações físicas, mentais e emocionais [serviços médicos]",44
Recuperação de plantas [cultura de plantas],44
Serviço de agricultura agroecológica,44
Serviço de agricultura agroflorestal,44
Serviço de maquiagem,44
Serviço de nutricionista,44
Serviços de barbeiro,44
Serviços de botânica,44
Serviços de coleta de leite [ordenha],44
Serviços de hibridação [cruzamento fecundo entre indivíduos diferentes na variedade ou na espécie] Serviços de incubadora de ovos,44
Serviços de medicina à distância,44
Serviços de raio-x,44
"Serviços de reabilitação física, motora e emocional prestados a título de assistência social",44
Serviços fisioterápicos prestados a título de assistência social,44
Serviços médicos prestados a título de assistência social,44
Serviços odontológicos prestados a título de assistência social,44
Serviços psicológicos prestados a título de assistência social,44
Silvimetria,44
Spa [serviços estéticos],44
Terapia ocupacional [serviços psicológicos],44
Tratamento fitossanitário [controle de pragas agrícolas],44
Tratamento médico,44
Trutário [criadouro de trutas],44
Uti móvel [serviços médicos],44
Vacinação de animal a domicílio,44
Vacinação de pessoa a domicílio,44
Aconselhamento esotérico,45
Adequação de ambiente à norma relacionada à insalubridade [implementação de norma e procedimento relativo à segurança do trabalho] Agente da propriedade industrial,45
"Assessoria e consultoria jurídicas em programas de ""compliance"" de organizações",45
"Assessoria, consultoria e informação concernentes ao conhecimento e prevenção de atos terroristas Assessoria, consultoria e informação em equilíbrio ambiental [feng shui]",45
"Assessoria, consultoria e informação em patentes e em propriedade industrial",45
"Assessoria, consultoria e informação em propriedade intelectual [serviços jurídicos]",45
"Assessoria, consultoria e informação na área de espiritualidade, autoajuda e fortalecimento pessoal em assuntos de caráter subjetivo Assessoria, consultoria e informação na área de gerenciamento de tempo voltado para propósitos pessoais Assessoria, consultoria e informação na área de inteligência em segurança pública",45
"Assessoria, consultoria e informação na área de proteção contra incêndio",45
"Assessoria, consultoria e informação na área de segurança e proteção à criança",45
"Assessoria, consultoria e informação na área de segurança nacional",45
"Assessoria, consultoria e informação na área militar [estratégias e táticas militares]",45
"Assessoria, consultoria e informação sobre as tendências da moda [personal stylist]",45
"Assessoria, consultoria e informação sobre assuntos jurídicos",45
"Assessoria, consultoria e informação sobre astrologia",45
"Assessoria, consultoria e informação sobre autoajuda",45
"Assessoria, consultoria e informação sobre gerenciamento de copyright [direito de autor]",45
"Assessoria, consultoria e informação sobre motivação e crescimento pessoal",45
"Assessoria, consultoria e informação sobre negociações trabalhistas [serviços jurídicos]",45
"Assessoria, consultoria e informação sobre serviços legais no campo das leis de privacidade e segurança, normas e regulamentos Assessoria, consultoria e informação sobre técnicas para desenvolver a criatividade pessoal",45
"Assessoria, consultoria e informações no campo esotérico",45
"Assessoria, consultoria e informações sobre compilação e interpretação da legislação aplicável [consultoria jurídica] Assessoria, consultoria e informações sobre segurança no trabalho",45
"Astrologia [estudo e conhecimento da influência dos astros, especialmente de signos, no destino e no comportamento do homem; uranoscopia] Atribuição de nomes de domínio [intermediação em propriedade intelectual]",45
Bloqueio de carro por satélite,45
Confecção de mapa astral,45
Consulta de búzios,45
Consultoria em segurança do trabalho,45
"Elaboração, implementação, execução e avaliação de políticas sociais",45
Encaminhamento de providências e orientação social a indivíduos e grupos,45
Franchising referente ao licenciamento de marcas e patentes,45
Gestão de direitos autorais de obras audiovisuais [serviços jurídicos],45
Informações sobre legislação trabalhista,45
Leitura de carta cigana,45
Leitura de runas,45
Leitura de tarô,45
Licenciamento de direitos autorais [serviços jurídicos],45
Licenciamento ou cessão de direito de uso de programas de computação,45
Monitoramento e rastreamento de veículos e cargas [serviços de segurança],45
Organização de grupos de apoio,45
Organização doméstica [coordenação e planejamento na organização de espaços residenciais] Porteiro,45
Projeto na área de segurança do trabalho,45
Relocalização de indivíduos [investigação de pessoas desaparecidas],45
"Representação e defesa de causas de caráter social, defesa dos direitos humanos, defesa do meio ambiente, defesa das minorias étnicas perante órgãos da administração pública ou",45
"diante da opinião pública Representação jurídica de associados, grupos civis organizados ou da sociedade civil para defesa de interesses e direitos individuais, coletivos e difusos Representação, diante da administração pública ou de entidades privadas, de associados, grupos civis organizados ou da sociedade civil para defesa de interesses e direitos",45
"individuais, coletivos e difusos Serviço de acompanhante de pessoas com limitações motoras, exceto enfermagem",45
Serviço de contagem de tempo de serviço de trabalhadores [serviços jurídicos],45
Serviço de monitoramento de clientes bancários [videovigilância],45
Serviço funerário,45
Serviço personalizado de compras para terceiros [serviços de comprador pessoal],45
"Serviço socioassistencial de acolhimento de indigentes [abordagem, troca de informações e encaminhamento] Serviços de assistência jurídica, prestados a título de assistência social",45
Serviços de cartório [notariado],45
Serviços de caseiro,45
"Serviços de cuidados pessoais voltados para a população carente, com fins de reabilitação social, prestados a título de assistência social [dar banho, vestir, pentear, alimentar com",45
finalidade de atender a necessidades individuais específicas] Serviços de escort,45
Serviços de governança doméstica,45
Serviços de identificação biométrica,45
Serviços de lobby para fins que não sejam comerciais,45
"Serviços de organização de encontros com finalidade de autoajuda, prestados a título de assistência social Serviços de organização de encontros com finalidade de integração social, prestados a título de assistência social Serviços de orientação espiritual e filosófica, prestados a título de assistência social",45
"Serviços de promoção de relacionamento interpessoal, prestados a título de assistência social Serviços de segurança rodoviária",45
"Serviços jurídicos, a saber, provimento de informação personalizada, consultoria, aconselhamento e solução de litígios, todos na área de imigração Serviços jurídicos na área trabalhista",45
Terapia esotérica,45
Transferência tecnológica [serviços jurídicos],45
